{
    "types" : ["outlined", "filled", "rounded", "sharp","two-tone"],
    "icons" : {
        "10k" : "&#xe951;",
        "10mp" : "&#xe952;",
        "11mp" : "&#xe953;",
        "123" : "&#xeb8d;",
        "12mp" : "&#xe954;",
        "13mp" : "&#xe955;",
        "14mp" : "&#xe956;",
        "15mp" : "&#xe957;",
        "16mp" : "&#xe958;",
        "17mp" : "&#xe959;",
        "18mp" : "&#xe95a;",
        "19mp" : "&#xe95b;",
        "1k" : "&#xe95c;",
        "1k_plus" : "&#xe95d;",
        "1x_mobiledata" : "&#xefcd;",
        "20mp" : "&#xe95e;",
        "21mp" : "&#xe95f;",
        "22mp" : "&#xe960;",
        "23mp" : "&#xe961;",
        "24mp" : "&#xe962;",
        "2k" : "&#xe963;",
        "2k_plus" : "&#xe964;",
        "2mp" : "&#xe965;",
        "30fps" : "&#xefce;",
        "30fps_select" : "&#xefcf;",
        "360" : "&#xe577;",
        "3d_rotation" : "&#xe84d;",
        "3g_mobiledata" : "&#xefd0;",
        "3k" : "&#xe966;",
        "3k_plus" : "&#xe967;",
        "3mp" : "&#xe968;",
        "3p" : "&#xefd1;",
        "4g_mobiledata" : "&#xefd2;",
        "4g_plus_mobiledata" : "&#xefd3;",
        "4k" : "&#xe072;",
        "4k_plus" : "&#xe969;",
        "4mp" : "&#xe96a;",
        "5g" : "&#xef38;",
        "5k" : "&#xe96b;",
        "5k_plus" : "&#xe96c;",
        "5mp" : "&#xe96d;",
        "60fps" : "&#xefd4;",
        "60fps_select" : "&#xefd5;",
        "6_ft_apart" : "&#xf21e;",
        "6k" : "&#xe96e;",
        "6k_plus" : "&#xe96f;",
        "6mp" : "&#xe970;",
        "7k" : "&#xe971;",
        "7k_plus" : "&#xe972;",
        "7mp" : "&#xe973;",
        "8k" : "&#xe974;",
        "8k_plus" : "&#xe975;",
        "8mp" : "&#xe976;",
        "9k" : "&#xe977;",
        "9k_plus" : "&#xe978;",
        "9mp" : "&#xe979;",
        "abc" : "&#xeb94;",
        "ac_unit" : "&#xeb3b;",
        "access_alarm" : "&#xe190;",
        "access_alarms" : "&#xe191;",
        "access_time" : "&#xe192;",
        "access_time_filled" : "&#xefd6;",
        "accessibility" : "&#xe84e;",
        "accessibility_new" : "&#xe92c;",
        "accessible" : "&#xe914;",
        "accessible_forward" : "&#xe934;",
        "account_balance" : "&#xe84f;",
        "account_balance_wallet" : "&#xe850;",
        "account_box" : "&#xe851;",
        "account_circle" : "&#xe853;",
        "account_tree" : "&#xe97a;",
        "ad_units" : "&#xef39;",
        "adb" : "&#xe60e;",
        "add" : "&#xe145;",
        "add_a_photo" : "&#xe439;",
        "add_alarm" : "&#xe193;",
        "add_alert" : "&#xe003;",
        "add_box" : "&#xe146;",
        "add_business" : "&#xe729;",
        "add_call" : "&#xe0e8;",
        "add_card" : "&#xeb86;",
        "add_chart" : "&#xe97b;",
        "add_circle" : "&#xe147;",
        "add_circle_outline" : "&#xe148;",
        "add_comment" : "&#xe266;",
        "add_ic_call" : "&#xe97c;",
        "add_link" : "&#xe178;",
        "add_location" : "&#xe567;",
        "add_location_alt" : "&#xef3a;",
        "add_moderator" : "&#xe97d;",
        "add_photo_alternate" : "&#xe43e;",
        "add_reaction" : "&#xe1d3;",
        "add_road" : "&#xef3b;",
        "add_shopping_cart" : "&#xe854;",
        "add_task" : "&#xf23a;",
        "add_to_drive" : "&#xe65c;",
        "add_to_home_screen" : "&#xe1fe;",
        "add_to_photos" : "&#xe39d;",
        "add_to_queue" : "&#xe05c;",
        "addchart" : "&#xef3c;",
        "adf_scanner" : "&#xeada;",
        "adjust" : "&#xe39e;",
        "admin_panel_settings" : "&#xef3d;",
        "adobe" : "&#xea96;",
        "ads_click" : "&#xe762;",
        "agriculture" : "&#xea79;",
        "air" : "&#xefd8;",
        "airline_seat_flat" : "&#xe630;",
        "airline_seat_flat_angled" : "&#xe631;",
        "airline_seat_individual_suite" : "&#xe632;",
        "airline_seat_legroom_extra" : "&#xe633;",
        "airline_seat_legroom_normal" : "&#xe634;",
        "airline_seat_legroom_reduced" : "&#xe635;",
        "airline_seat_recline_extra" : "&#xe636;",
        "airline_seat_recline_normal" : "&#xe637;",
        "airline_stops" : "&#xe7d0;",
        "airlines" : "&#xe7ca;",
        "airplane_ticket" : "&#xefd9;",
        "airplanemode_active" : "&#xe195;",
        "airplanemode_inactive" : "&#xe194;",
        "airplanemode_off" : "&#xe194;",
        "airplanemode_on" : "&#xe195;",
        "airplay" : "&#xe055;",
        "airport_shuttle" : "&#xeb3c;",
        "alarm" : "&#xe855;",
        "alarm_add" : "&#xe856;",
        "alarm_off" : "&#xe857;",
        "alarm_on" : "&#xe858;",
        "album" : "&#xe019;",
        "align_horizontal_center" : "&#xe00f;",
        "align_horizontal_left" : "&#xe00d;",
        "align_horizontal_right" : "&#xe010;",
        "align_vertical_bottom" : "&#xe015;",
        "align_vertical_center" : "&#xe011;",
        "align_vertical_top" : "&#xe00c;",
        "all_inbox" : "&#xe97f;",
        "all_inclusive" : "&#xeb3d;",
        "all_out" : "&#xe90b;",
        "alt_route" : "&#xf184;",
        "alternate_email" : "&#xe0e6;",
        "amp_stories" : "&#xea13;",
        "analytics" : "&#xef3e;",
        "anchor" : "&#xf1cd;",
        "android" : "&#xe859;",
        "animation" : "&#xe71c;",
        "announcement" : "&#xe85a;",
        "aod" : "&#xefda;",
        "apartment" : "&#xea40;",
        "api" : "&#xf1b7;",
        "app_blocking" : "&#xef3f;",
        "app_registration" : "&#xef40;",
        "app_settings_alt" : "&#xef41;",
        "app_shortcut" : "&#xeae4;",
        "apple" : "&#xea80;",
        "approval" : "&#xe982;",
        "apps" : "&#xe5c3;",
        "apps_outage" : "&#xe7cc;",
        "architecture" : "&#xea3b;",
        "archive" : "&#xe149;",
        "area_chart" : "&#xe770;",
        "arrow_back" : "&#xe5c4;",
        "arrow_back_ios" : "&#xe5e0;",
        "arrow_back_ios_new" : "&#xe2ea;",
        "arrow_circle_down" : "&#xf181;",
        "arrow_circle_left" : "&#xeaa7;",
        "arrow_circle_right" : "&#xeaaa;",
        "arrow_circle_up" : "&#xf182;",
        "arrow_downward" : "&#xe5db;",
        "arrow_drop_down" : "&#xe5c5;",
        "arrow_drop_down_circle" : "&#xe5c6;",
        "arrow_drop_up" : "&#xe5c7;",
        "arrow_forward" : "&#xe5c8;",
        "arrow_forward_ios" : "&#xe5e1;",
        "arrow_left" : "&#xe5de;",
        "arrow_right" : "&#xe5df;",
        "arrow_right_alt" : "&#xe941;",
        "arrow_upward" : "&#xe5d8;",
        "art_track" : "&#xe060;",
        "article" : "&#xef42;",
        "aspect_ratio" : "&#xe85b;",
        "assessment" : "&#xe85c;",
        "assignment" : "&#xe85d;",
        "assignment_ind" : "&#xe85e;",
        "assignment_late" : "&#xe85f;",
        "assignment_return" : "&#xe860;",
        "assignment_returned" : "&#xe861;",
        "assignment_turned_in" : "&#xe862;",
        "assistant" : "&#xe39f;",
        "assistant_direction" : "&#xe988;",
        "assistant_navigation" : "&#xe989;",
        "assistant_photo" : "&#xe3a0;",
        "assured_workload" : "&#xeb6f;",
        "atm" : "&#xe573;",
        "attach_email" : "&#xea5e;",
        "attach_file" : "&#xe226;",
        "attach_money" : "&#xe227;",
        "attachment" : "&#xe2bc;",
        "attractions" : "&#xea52;",
        "attribution" : "&#xefdb;",
        "audio_file" : "&#xeb82;",
        "audiotrack" : "&#xe3a1;",
        "auto_awesome" : "&#xe65f;",
        "auto_awesome_mosaic" : "&#xe660;",
        "auto_awesome_motion" : "&#xe661;",
        "auto_delete" : "&#xea4c;",
        "auto_fix_high" : "&#xe663;",
        "auto_fix_normal" : "&#xe664;",
        "auto_fix_off" : "&#xe665;",
        "auto_graph" : "&#xe4fb;",
        "auto_stories" : "&#xe666;",
        "autofps_select" : "&#xefdc;",
        "autorenew" : "&#xe863;",
        "av_timer" : "&#xe01b;",
        "baby_changing_station" : "&#xf19b;",
        "back_hand" : "&#xe764;",
        "backpack" : "&#xf19c;",
        "backspace" : "&#xe14a;",
        "backup" : "&#xe864;",
        "backup_table" : "&#xef43;",
        "badge" : "&#xea67;",
        "bakery_dining" : "&#xea53;",
        "balance" : "&#xeaf6;",
        "balcony" : "&#xe58f;",
        "ballot" : "&#xe172;",
        "bar_chart" : "&#xe26b;",
        "batch_prediction" : "&#xf0f5;",
        "bathroom" : "&#xefdd;",
        "bathtub" : "&#xea41;",
        "battery_alert" : "&#xe19c;",
        "battery_charging_full" : "&#xe1a3;",
        "battery_full" : "&#xe1a4;",
        "battery_saver" : "&#xefde;",
        "battery_std" : "&#xe1a5;",
        "battery_unknown" : "&#xe1a6;",
        "beach_access" : "&#xeb3e;",
        "bed" : "&#xefdf;",
        "bedroom_baby" : "&#xefe0;",
        "bedroom_child" : "&#xefe1;",
        "bedroom_parent" : "&#xefe2;",
        "bedtime" : "&#xef44;",
        "bedtime_off" : "&#xeb76;",
        "beenhere" : "&#xe52d;",
        "bento" : "&#xf1f4;",
        "bike_scooter" : "&#xef45;",
        "biotech" : "&#xea3a;",
        "blender" : "&#xefe3;",
        "block" : "&#xe14b;",
        "block_flipped" : "&#xef46;",
        "bloodtype" : "&#xefe4;",
        "bluetooth" : "&#xe1a7;",
        "bluetooth_audio" : "&#xe60f;",
        "bluetooth_connected" : "&#xe1a8;",
        "bluetooth_disabled" : "&#xe1a9;",
        "bluetooth_drive" : "&#xefe5;",
        "bluetooth_searching" : "&#xe1aa;",
        "blur_circular" : "&#xe3a2;",
        "blur_linear" : "&#xe3a3;",
        "blur_off" : "&#xe3a4;",
        "blur_on" : "&#xe3a5;",
        "bolt" : "&#xea0b;",
        "book" : "&#xe865;",
        "book_online" : "&#xf217;",
        "bookmark" : "&#xe866;",
        "bookmark_add" : "&#xe598;",
        "bookmark_added" : "&#xe599;",
        "bookmark_border" : "&#xe867;",
        "bookmark_outline" : "&#xe867;",
        "bookmark_remove" : "&#xe59a;",
        "bookmarks" : "&#xe98b;",
        "border_all" : "&#xe228;",
        "border_bottom" : "&#xe229;",
        "border_clear" : "&#xe22a;",
        "border_color" : "&#xe22b;",
        "border_horizontal" : "&#xe22c;",
        "border_inner" : "&#xe22d;",
        "border_left" : "&#xe22e;",
        "border_outer" : "&#xe22f;",
        "border_right" : "&#xe230;",
        "border_style" : "&#xe231;",
        "border_top" : "&#xe232;",
        "border_vertical" : "&#xe233;",
        "boy" : "&#xeb67;",
        "branding_watermark" : "&#xe06b;",
        "breakfast_dining" : "&#xea54;",
        "brightness_1" : "&#xe3a6;",
        "brightness_2" : "&#xe3a7;",
        "brightness_3" : "&#xe3a8;",
        "brightness_4" : "&#xe3a9;",
        "brightness_5" : "&#xe3aa;",
        "brightness_6" : "&#xe3ab;",
        "brightness_7" : "&#xe3ac;",
        "brightness_auto" : "&#xe1ab;",
        "brightness_high" : "&#xe1ac;",
        "brightness_low" : "&#xe1ad;",
        "brightness_medium" : "&#xe1ae;",
        "broken_image" : "&#xe3ad;",
        "browser_not_supported" : "&#xef47;",
        "browser_updated" : "&#xe7cf;",
        "brunch_dining" : "&#xea73;",
        "brush" : "&#xe3ae;",
        "bubble_chart" : "&#xe6dd;",
        "bug_report" : "&#xe868;",
        "build" : "&#xe869;",
        "build_circle" : "&#xef48;",
        "bungalow" : "&#xe591;",
        "burst_mode" : "&#xe43c;",
        "bus_alert" : "&#xe98f;",
        "business" : "&#xe0af;",
        "business_center" : "&#xeb3f;",
        "cabin" : "&#xe589;",
        "cable" : "&#xefe6;",
        "cached" : "&#xe86a;",
        "cake" : "&#xe7e9;",
        "calculate" : "&#xea5f;",
        "calendar_today" : "&#xe935;",
        "calendar_view_day" : "&#xe936;",
        "calendar_view_month" : "&#xefe7;",
        "calendar_view_week" : "&#xefe8;",
        "call" : "&#xe0b0;",
        "call_end" : "&#xe0b1;",
        "call_made" : "&#xe0b2;",
        "call_merge" : "&#xe0b3;",
        "call_missed" : "&#xe0b4;",
        "call_missed_outgoing" : "&#xe0e4;",
        "call_received" : "&#xe0b5;",
        "call_split" : "&#xe0b6;",
        "call_to_action" : "&#xe06c;",
        "camera" : "&#xe3af;",
        "camera_alt" : "&#xe3b0;",
        "camera_enhance" : "&#xe8fc;",
        "camera_front" : "&#xe3b1;",
        "camera_indoor" : "&#xefe9;",
        "camera_outdoor" : "&#xefea;",
        "camera_rear" : "&#xe3b2;",
        "camera_roll" : "&#xe3b3;",
        "cameraswitch" : "&#xefeb;",
        "campaign" : "&#xef49;",
        "cancel" : "&#xe5c9;",
        "cancel_presentation" : "&#xe0e9;",
        "cancel_schedule_send" : "&#xea39;",
        "candlestick_chart" : "&#xead4;",
        "car_rental" : "&#xea55;",
        "car_repair" : "&#xea56;",
        "card_giftcard" : "&#xe8f6;",
        "card_membership" : "&#xe8f7;",
        "card_travel" : "&#xe8f8;",
        "carpenter" : "&#xf1f8;",
        "cases" : "&#xe992;",
        "casino" : "&#xeb40;",
        "cast" : "&#xe307;",
        "cast_connected" : "&#xe308;",
        "cast_for_education" : "&#xefec;",
        "castle" : "&#xeab1;",
        "catching_pokemon" : "&#xe508;",
        "category" : "&#xe574;",
        "celebration" : "&#xea65;",
        "cell_tower" : "&#xebba;",
        "cell_wifi" : "&#xe0ec;",
        "center_focus_strong" : "&#xe3b4;",
        "center_focus_weak" : "&#xe3b5;",
        "chair" : "&#xefed;",
        "chair_alt" : "&#xefee;",
        "chalet" : "&#xe585;",
        "change_circle" : "&#xe2e7;",
        "change_history" : "&#xe86b;",
        "charging_station" : "&#xf19d;",
        "chat" : "&#xe0b7;",
        "chat_bubble" : "&#xe0ca;",
        "chat_bubble_outline" : "&#xe0cb;",
        "check" : "&#xe5ca;",
        "check_box" : "&#xe834;",
        "check_box_outline_blank" : "&#xe835;",
        "check_circle" : "&#xe86c;",
        "check_circle_outline" : "&#xe92d;",
        "checklist" : "&#xe6b1;",
        "checklist_rtl" : "&#xe6b3;",
        "checkroom" : "&#xf19e;",
        "chevron_left" : "&#xe5cb;",
        "chevron_right" : "&#xe5cc;",
        "child_care" : "&#xeb41;",
        "child_friendly" : "&#xeb42;",
        "chrome_reader_mode" : "&#xe86d;",
        "church" : "&#xeaae;",
        "circle" : "&#xef4a;",
        "circle_notifications" : "&#xe994;",
        "class" : "&#xe86e;",
        "clean_hands" : "&#xf21f;",
        "cleaning_services" : "&#xf0ff;",
        "clear" : "&#xe14c;",
        "clear_all" : "&#xe0b8;",
        "close" : "&#xe5cd;",
        "close_fullscreen" : "&#xf1cf;",
        "closed_caption" : "&#xe01c;",
        "closed_caption_disabled" : "&#xf1dc;",
        "closed_caption_off" : "&#xe996;",
        "cloud" : "&#xe2bd;",
        "cloud_circle" : "&#xe2be;",
        "cloud_done" : "&#xe2bf;",
        "cloud_download" : "&#xe2c0;",
        "cloud_off" : "&#xe2c1;",
        "cloud_queue" : "&#xe2c2;",
        "cloud_sync" : "&#xeb5a;",
        "cloud_upload" : "&#xe2c3;",
        "cloudy_snowing" : "&#xe810;",
        "co2" : "&#xe7b0;",
        "co_present" : "&#xeaf0;",
        "code" : "&#xe86f;",
        "code_off" : "&#xe4f3;",
        "coffee" : "&#xefef;",
        "coffee_maker" : "&#xeff0;",
        "collections" : "&#xe3b6;",
        "collections_bookmark" : "&#xe431;",
        "color_lens" : "&#xe3b7;",
        "colorize" : "&#xe3b8;",
        "comment" : "&#xe0b9;",
        "comment_bank" : "&#xea4e;",
        "comments_disabled" : "&#xe7a2;",
        "commit" : "&#xeaf5;",
        "commute" : "&#xe940;",
        "compare" : "&#xe3b9;",
        "compare_arrows" : "&#xe915;",
        "compass_calibration" : "&#xe57c;",
        "compost" : "&#xe761;",
        "compress" : "&#xe94d;",
        "computer" : "&#xe30a;",
        "confirmation_num" : "&#xe638;",
        "confirmation_number" : "&#xe638;",
        "connect_without_contact" : "&#xf223;",
        "connected_tv" : "&#xe998;",
        "connecting_airports" : "&#xe7c9;",
        "construction" : "&#xea3c;",
        "contact_mail" : "&#xe0d0;",
        "contact_page" : "&#xf22e;",
        "contact_phone" : "&#xe0cf;",
        "contact_support" : "&#xe94c;",
        "contactless" : "&#xea71;",
        "contacts" : "&#xe0ba;",
        "content_copy" : "&#xe14d;",
        "content_cut" : "&#xe14e;",
        "content_paste" : "&#xe14f;",
        "content_paste_go" : "&#xea8e;",
        "content_paste_off" : "&#xe4f8;",
        "content_paste_search" : "&#xea9b;",
        "contrast" : "&#xeb37;",
        "control_camera" : "&#xe074;",
        "control_point" : "&#xe3ba;",
        "control_point_duplicate" : "&#xe3bb;",
        "cookie" : "&#xeaac;",
        "copy_all" : "&#xe2ec;",
        "copyright" : "&#xe90c;",
        "coronavirus" : "&#xf221;",
        "corporate_fare" : "&#xf1d0;",
        "cottage" : "&#xe587;",
        "countertops" : "&#xf1f7;",
        "create" : "&#xe150;",
        "create_new_folder" : "&#xe2cc;",
        "credit_card" : "&#xe870;",
        "credit_card_off" : "&#xe4f4;",
        "credit_score" : "&#xeff1;",
        "crib" : "&#xe588;",
        "crop" : "&#xe3be;",
        "crop_16_9" : "&#xe3bc;",
        "crop_3_2" : "&#xe3bd;",
        "crop_5_4" : "&#xe3bf;",
        "crop_7_5" : "&#xe3c0;",
        "crop_din" : "&#xe3c1;",
        "crop_free" : "&#xe3c2;",
        "crop_landscape" : "&#xe3c3;",
        "crop_original" : "&#xe3c4;",
        "crop_portrait" : "&#xe3c5;",
        "crop_rotate" : "&#xe437;",
        "crop_square" : "&#xe3c6;",
        "cruelty_free" : "&#xe799;",
        "css" : "&#xeb93;",
        "currency_exchange" : "&#xeb70;",
        "currency_franc" : "&#xeafa;",
        "currency_lira" : "&#xeaef;",
        "currency_pound" : "&#xeaf1;",
        "currency_ruble" : "&#xeaec;",
        "currency_rupee" : "&#xeaf7;",
        "currency_yen" : "&#xeafb;",
        "currency_yuan" : "&#xeaf9;",
        "dangerous" : "&#xe99a;",
        "dark_mode" : "&#xe51c;",
        "dashboard" : "&#xe871;",
        "dashboard_customize" : "&#xe99b;",
        "data_array" : "&#xead1;",
        "data_exploration" : "&#xe76f;",
        "data_object" : "&#xead3;",
        "data_saver_off" : "&#xeff2;",
        "data_saver_on" : "&#xeff3;",
        "data_thresholding" : "&#xeb9f;",
        "data_usage" : "&#xe1af;",
        "date_range" : "&#xe916;",
        "deblur" : "&#xeb77;",
        "deck" : "&#xea42;",
        "dehaze" : "&#xe3c7;",
        "delete" : "&#xe872;",
        "delete_forever" : "&#xe92b;",
        "delete_outline" : "&#xe92e;",
        "delete_sweep" : "&#xe16c;",
        "delivery_dining" : "&#xea72;",
        "density_large" : "&#xeba9;",
        "density_medium" : "&#xeb9e;",
        "density_small" : "&#xeba8;",
        "departure_board" : "&#xe576;",
        "description" : "&#xe873;",
        "deselect" : "&#xebb6;",
        "design_services" : "&#xf10a;",
        "desktop_access_disabled" : "&#xe99d;",
        "desktop_mac" : "&#xe30b;",
        "desktop_windows" : "&#xe30c;",
        "details" : "&#xe3c8;",
        "developer_board" : "&#xe30d;",
        "developer_board_off" : "&#xe4ff;",
        "developer_mode" : "&#xe1b0;",
        "device_hub" : "&#xe335;",
        "device_thermostat" : "&#xe1ff;",
        "device_unknown" : "&#xe339;",
        "devices" : "&#xe1b1;",
        "devices_other" : "&#xe337;",
        "dialer_sip" : "&#xe0bb;",
        "dialpad" : "&#xe0bc;",
        "diamond" : "&#xead5;",
        "difference" : "&#xeb7d;",
        "dining" : "&#xeff4;",
        "dinner_dining" : "&#xea57;",
        "directions" : "&#xe52e;",
        "directions_bike" : "&#xe52f;",
        "directions_boat" : "&#xe532;",
        "directions_boat_filled" : "&#xeff5;",
        "directions_bus" : "&#xe530;",
        "directions_bus_filled" : "&#xeff6;",
        "directions_car" : "&#xe531;",
        "directions_car_filled" : "&#xeff7;",
        "directions_ferry" : "&#xe532;",
        "directions_off" : "&#xf10f;",
        "directions_railway" : "&#xe534;",
        "directions_railway_filled" : "&#xeff8;",
        "directions_run" : "&#xe566;",
        "directions_subway" : "&#xe533;",
        "directions_subway_filled" : "&#xeff9;",
        "directions_train" : "&#xe534;",
        "directions_transit" : "&#xe535;",
        "directions_transit_filled" : "&#xeffa;",
        "directions_walk" : "&#xe536;",
        "dirty_lens" : "&#xef4b;",
        "disabled_by_default" : "&#xf230;",
        "disabled_visible" : "&#xe76e;",
        "disc_full" : "&#xe610;",
        "discord" : "&#xea6c;",
        "display_settings" : "&#xeb97;",
        "dnd_forwardslash" : "&#xe611;",
        "dns" : "&#xe875;",
        "do_disturb" : "&#xf08c;",
        "do_disturb_alt" : "&#xf08d;",
        "do_disturb_off" : "&#xf08e;",
        "do_disturb_on" : "&#xf08f;",
        "do_not_disturb" : "&#xe612;",
        "do_not_disturb_alt" : "&#xe611;",
        "do_not_disturb_off" : "&#xe643;",
        "do_not_disturb_on" : "&#xe644;",
        "do_not_disturb_on_total_silence" : "&#xeffb;",
        "do_not_step" : "&#xf19f;",
        "do_not_touch" : "&#xf1b0;",
        "dock" : "&#xe30e;",
        "document_scanner" : "&#xe5fa;",
        "domain" : "&#xe7ee;",
        "domain_add" : "&#xeb62;",
        "domain_disabled" : "&#xe0ef;",
        "domain_verification" : "&#xef4c;",
        "done" : "&#xe876;",
        "done_all" : "&#xe877;",
        "done_outline" : "&#xe92f;",
        "donut_large" : "&#xe917;",
        "donut_small" : "&#xe918;",
        "door_back" : "&#xeffc;",
        "door_front" : "&#xeffd;",
        "door_sliding" : "&#xeffe;",
        "doorbell" : "&#xefff;",
        "double_arrow" : "&#xea50;",
        "downhill_skiing" : "&#xe509;",
        "download" : "&#xf090;",
        "download_done" : "&#xf091;",
        "download_for_offline" : "&#xf000;",
        "downloading" : "&#xf001;",
        "drafts" : "&#xe151;",
        "drag_handle" : "&#xe25d;",
        "drag_indicator" : "&#xe945;",
        "draw" : "&#xe746;",
        "drive_eta" : "&#xe613;",
        "drive_file_move" : "&#xe675;",
        "drive_file_move_outline" : "&#xe9a1;",
        "drive_file_move_rtl" : "&#xe76d;",
        "drive_file_rename_outline" : "&#xe9a2;",
        "drive_folder_upload" : "&#xe9a3;",
        "dry" : "&#xf1b3;",
        "dry_cleaning" : "&#xea58;",
        "duo" : "&#xe9a5;",
        "dvr" : "&#xe1b2;",
        "dynamic_feed" : "&#xea14;",
        "dynamic_form" : "&#xf1bf;",
        "e_mobiledata" : "&#xf002;",
        "earbuds" : "&#xf003;",
        "earbuds_battery" : "&#xf004;",
        "east" : "&#xf1df;",
        "eco" : "&#xea35;",
        "edgesensor_high" : "&#xf005;",
        "edgesensor_low" : "&#xf006;",
        "edit" : "&#xe3c9;",
        "edit_attributes" : "&#xe578;",
        "edit_calendar" : "&#xe742;",
        "edit_location" : "&#xe568;",
        "edit_location_alt" : "&#xe1c5;",
        "edit_note" : "&#xe745;",
        "edit_notifications" : "&#xe525;",
        "edit_off" : "&#xe950;",
        "edit_road" : "&#xef4d;",
        "egg" : "&#xeacc;",
        "egg_alt" : "&#xeac8;",
        "eject" : "&#xe8fb;",
        "elderly" : "&#xf21a;",
        "elderly_woman" : "&#xeb69;",
        "electric_bike" : "&#xeb1b;",
        "electric_car" : "&#xeb1c;",
        "electric_moped" : "&#xeb1d;",
        "electric_rickshaw" : "&#xeb1e;",
        "electric_scooter" : "&#xeb1f;",
        "electrical_services" : "&#xf102;",
        "elevator" : "&#xf1a0;",
        "email" : "&#xe0be;",
        "emergency" : "&#xe1eb;",
        "emoji_emotions" : "&#xea22;",
        "emoji_events" : "&#xea23;",
        "emoji_flags" : "&#xea1a;",
        "emoji_food_beverage" : "&#xea1b;",
        "emoji_nature" : "&#xea1c;",
        "emoji_objects" : "&#xea24;",
        "emoji_people" : "&#xea1d;",
        "emoji_symbols" : "&#xea1e;",
        "emoji_transportation" : "&#xea1f;",
        "engineering" : "&#xea3d;",
        "enhance_photo_translate" : "&#xe8fc;",
        "enhanced_encryption" : "&#xe63f;",
        "equalizer" : "&#xe01d;",
        "error" : "&#xe000;",
        "error_outline" : "&#xe001;",
        "escalator" : "&#xf1a1;",
        "escalator_warning" : "&#xf1ac;",
        "euro" : "&#xea15;",
        "euro_symbol" : "&#xe926;",
        "ev_station" : "&#xe56d;",
        "event" : "&#xe878;",
        "event_available" : "&#xe614;",
        "event_busy" : "&#xe615;",
        "event_note" : "&#xe616;",
        "event_repeat" : "&#xeb7b;",
        "event_seat" : "&#xe903;",
        "exit_to_app" : "&#xe879;",
        "expand" : "&#xe94f;",
        "expand_circle_down" : "&#xe7cd;",
        "expand_less" : "&#xe5ce;",
        "expand_more" : "&#xe5cf;",
        "explicit" : "&#xe01e;",
        "explore" : "&#xe87a;",
        "explore_off" : "&#xe9a8;",
        "exposure" : "&#xe3ca;",
        "exposure_minus_1" : "&#xe3cb;",
        "exposure_minus_2" : "&#xe3cc;",
        "exposure_neg_1" : "&#xe3cb;",
        "exposure_neg_2" : "&#xe3cc;",
        "exposure_plus_1" : "&#xe3cd;",
        "exposure_plus_2" : "&#xe3ce;",
        "exposure_zero" : "&#xe3cf;",
        "extension" : "&#xe87b;",
        "extension_off" : "&#xe4f5;",
        "face" : "&#xe87c;",
        "face_retouching_natural" : "&#xef4e;",
        "face_retouching_off" : "&#xf007;",
        "facebook" : "&#xf234;",
        "fact_check" : "&#xf0c5;",
        "factory" : "&#xebbc;",
        "family_restroom" : "&#xf1a2;",
        "fast_forward" : "&#xe01f;",
        "fast_rewind" : "&#xe020;",
        "fastfood" : "&#xe57a;",
        "favorite" : "&#xe87d;",
        "favorite_border" : "&#xe87e;",
        "favorite_outline" : "&#xe87e;",
        "fax" : "&#xead8;",
        "featured_play_list" : "&#xe06d;",
        "featured_video" : "&#xe06e;",
        "feed" : "&#xf009;",
        "feedback" : "&#xe87f;",
        "female" : "&#xe590;",
        "fence" : "&#xf1f6;",
        "festival" : "&#xea68;",
        "fiber_dvr" : "&#xe05d;",
        "fiber_manual_record" : "&#xe061;",
        "fiber_new" : "&#xe05e;",
        "fiber_pin" : "&#xe06a;",
        "fiber_smart_record" : "&#xe062;",
        "file_copy" : "&#xe173;",
        "file_download" : "&#xe2c4;",
        "file_download_done" : "&#xe9aa;",
        "file_download_off" : "&#xe4fe;",
        "file_open" : "&#xeaf3;",
        "file_present" : "&#xea0e;",
        "file_upload" : "&#xe2c6;",
        "filter" : "&#xe3d3;",
        "filter_1" : "&#xe3d0;",
        "filter_2" : "&#xe3d1;",
        "filter_3" : "&#xe3d2;",
        "filter_4" : "&#xe3d4;",
        "filter_5" : "&#xe3d5;",
        "filter_6" : "&#xe3d6;",
        "filter_7" : "&#xe3d7;",
        "filter_8" : "&#xe3d8;",
        "filter_9" : "&#xe3d9;",
        "filter_9_plus" : "&#xe3da;",
        "filter_alt" : "&#xef4f;",
        "filter_alt_off" : "&#xeb32;",
        "filter_b_and_w" : "&#xe3db;",
        "filter_center_focus" : "&#xe3dc;",
        "filter_drama" : "&#xe3dd;",
        "filter_frames" : "&#xe3de;",
        "filter_hdr" : "&#xe3df;",
        "filter_list" : "&#xe152;",
        "filter_list_alt" : "&#xe94e;",
        "filter_list_off" : "&#xeb57;",
        "filter_none" : "&#xe3e0;",
        "filter_tilt_shift" : "&#xe3e2;",
        "filter_vintage" : "&#xe3e3;",
        "find_in_page" : "&#xe880;",
        "find_replace" : "&#xe881;",
        "fingerprint" : "&#xe90d;",
        "fire_extinguisher" : "&#xf1d8;",
        "fire_hydrant" : "&#xf1a3;",
        "fireplace" : "&#xea43;",
        "first_page" : "&#xe5dc;",
        "fit_screen" : "&#xea10;",
        "fitbit" : "&#xe82b;",
        "fitness_center" : "&#xeb43;",
        "flag" : "&#xe153;",
        "flag_circle" : "&#xeaf8;",
        "flaky" : "&#xef50;",
        "flare" : "&#xe3e4;",
        "flash_auto" : "&#xe3e5;",
        "flash_off" : "&#xe3e6;",
        "flash_on" : "&#xe3e7;",
        "flashlight_off" : "&#xf00a;",
        "flashlight_on" : "&#xf00b;",
        "flatware" : "&#xf00c;",
        "flight" : "&#xe539;",
        "flight_class" : "&#xe7cb;",
        "flight_land" : "&#xe904;",
        "flight_takeoff" : "&#xe905;",
        "flip" : "&#xe3e8;",
        "flip_camera_android" : "&#xea37;",
        "flip_camera_ios" : "&#xea38;",
        "flip_to_back" : "&#xe882;",
        "flip_to_front" : "&#xe883;",
        "flourescent" : "&#xf00d;",
        "flutter_dash" : "&#xe00b;",
        "fmd_bad" : "&#xf00e;",
        "fmd_good" : "&#xf00f;",
        "foggy" : "&#xe818;",
        "folder" : "&#xe2c7;",
        "folder_delete" : "&#xeb34;",
        "folder_off" : "&#xeb83;",
        "folder_open" : "&#xe2c8;",
        "folder_shared" : "&#xe2c9;",
        "folder_special" : "&#xe617;",
        "folder_zip" : "&#xeb2c;",
        "follow_the_signs" : "&#xf222;",
        "font_download" : "&#xe167;",
        "font_download_off" : "&#xe4f9;",
        "food_bank" : "&#xf1f2;",
        "forest" : "&#xea99;",
        "fork_left" : "&#xeba0;",
        "fork_right" : "&#xebac;",
        "format_align_center" : "&#xe234;",
        "format_align_justify" : "&#xe235;",
        "format_align_left" : "&#xe236;",
        "format_align_right" : "&#xe237;",
        "format_bold" : "&#xe238;",
        "format_clear" : "&#xe239;",
        "format_color_fill" : "&#xe23a;",
        "format_color_reset" : "&#xe23b;",
        "format_color_text" : "&#xe23c;",
        "format_indent_decrease" : "&#xe23d;",
        "format_indent_increase" : "&#xe23e;",
        "format_italic" : "&#xe23f;",
        "format_line_spacing" : "&#xe240;",
        "format_list_bulleted" : "&#xe241;",
        "format_list_numbered" : "&#xe242;",
        "format_list_numbered_rtl" : "&#xe267;",
        "format_overline" : "&#xeb65;",
        "format_paint" : "&#xe243;",
        "format_quote" : "&#xe244;",
        "format_shapes" : "&#xe25e;",
        "format_size" : "&#xe245;",
        "format_strikethrough" : "&#xe246;",
        "format_textdirection_l_to_r" : "&#xe247;",
        "format_textdirection_r_to_l" : "&#xe248;",
        "format_underline" : "&#xe249;",
        "format_underlined" : "&#xe249;",
        "fort" : "&#xeaad;",
        "forum" : "&#xe0bf;",
        "forward" : "&#xe154;",
        "forward_10" : "&#xe056;",
        "forward_30" : "&#xe057;",
        "forward_5" : "&#xe058;",
        "forward_to_inbox" : "&#xf187;",
        "foundation" : "&#xf200;",
        "free_breakfast" : "&#xeb44;",
        "free_cancellation" : "&#xe748;",
        "front_hand" : "&#xe769;",
        "fullscreen" : "&#xe5d0;",
        "fullscreen_exit" : "&#xe5d1;",
        "functions" : "&#xe24a;",
        "g_mobiledata" : "&#xf010;",
        "g_translate" : "&#xe927;",
        "gamepad" : "&#xe30f;",
        "games" : "&#xe021;",
        "garage" : "&#xf011;",
        "gavel" : "&#xe90e;",
        "generating_tokens" : "&#xe749;",
        "gesture" : "&#xe155;",
        "get_app" : "&#xe884;",
        "gif" : "&#xe908;",
        "gif_box" : "&#xe7a3;",
        "girl" : "&#xeb68;",
        "gite" : "&#xe58b;",
        "goat" : "&#x10fffd;",
        "golf_course" : "&#xeb45;",
        "gpp_bad" : "&#xf012;",
        "gpp_good" : "&#xf013;",
        "gpp_maybe" : "&#xf014;",
        "gps_fixed" : "&#xe1b3;",
        "gps_not_fixed" : "&#xe1b4;",
        "gps_off" : "&#xe1b5;",
        "grade" : "&#xe885;",
        "gradient" : "&#xe3e9;",
        "grading" : "&#xea4f;",
        "grain" : "&#xe3ea;",
        "graphic_eq" : "&#xe1b8;",
        "grass" : "&#xf205;",
        "grid_3x3" : "&#xf015;",
        "grid_4x4" : "&#xf016;",
        "grid_goldenratio" : "&#xf017;",
        "grid_off" : "&#xe3eb;",
        "grid_on" : "&#xe3ec;",
        "grid_view" : "&#xe9b0;",
        "group" : "&#xe7ef;",
        "group_add" : "&#xe7f0;",
        "group_off" : "&#xe747;",
        "group_remove" : "&#xe7ad;",
        "group_work" : "&#xe886;",
        "groups" : "&#xf233;",
        "h_mobiledata" : "&#xf018;",
        "h_plus_mobiledata" : "&#xf019;",
        "hail" : "&#xe9b1;",
        "handyman" : "&#xf10b;",
        "hardware" : "&#xea59;",
        "hd" : "&#xe052;",
        "hdr_auto" : "&#xf01a;",
        "hdr_auto_select" : "&#xf01b;",
        "hdr_enhanced_select" : "&#xef51;",
        "hdr_off" : "&#xe3ed;",
        "hdr_off_select" : "&#xf01c;",
        "hdr_on" : "&#xe3ee;",
        "hdr_on_select" : "&#xf01d;",
        "hdr_plus" : "&#xf01e;",
        "hdr_strong" : "&#xe3f1;",
        "hdr_weak" : "&#xe3f2;",
        "headphones" : "&#xf01f;",
        "headphones_battery" : "&#xf020;",
        "headset" : "&#xe310;",
        "headset_mic" : "&#xe311;",
        "headset_off" : "&#xe33a;",
        "healing" : "&#xe3f3;",
        "health_and_safety" : "&#xe1d5;",
        "hearing" : "&#xe023;",
        "hearing_disabled" : "&#xf104;",
        "heart_broken" : "&#xeac2;",
        "height" : "&#xea16;",
        "help" : "&#xe887;",
        "help_center" : "&#xf1c0;",
        "help_outline" : "&#xe8fd;",
        "hevc" : "&#xf021;",
        "hexagon" : "&#xeb39;",
        "hide_image" : "&#xf022;",
        "hide_source" : "&#xf023;",
        "high_quality" : "&#xe024;",
        "highlight" : "&#xe25f;",
        "highlight_alt" : "&#xef52;",
        "highlight_off" : "&#xe888;",
        "highlight_remove" : "&#xe888;",
        "hiking" : "&#xe50a;",
        "history" : "&#xe889;",
        "history_edu" : "&#xea3e;",
        "history_toggle_off" : "&#xf17d;",
        "hive" : "&#xeaa6;",
        "hls" : "&#xeb8a;",
        "hls_off" : "&#xeb8c;",
        "holiday_village" : "&#xe58a;",
        "home" : "&#xe88a;",
        "home_filled" : "&#xe9b2;",
        "home_max" : "&#xf024;",
        "home_mini" : "&#xf025;",
        "home_repair_service" : "&#xf100;",
        "home_work" : "&#xea09;",
        "horizontal_distribute" : "&#xe014;",
        "horizontal_rule" : "&#xf108;",
        "horizontal_split" : "&#xe947;",
        "hot_tub" : "&#xeb46;",
        "hotel" : "&#xe53a;",
        "hotel_class" : "&#xe743;",
        "hourglass_bottom" : "&#xea5c;",
        "hourglass_disabled" : "&#xef53;",
        "hourglass_empty" : "&#xe88b;",
        "hourglass_full" : "&#xe88c;",
        "hourglass_top" : "&#xea5b;",
        "house" : "&#xea44;",
        "house_siding" : "&#xf202;",
        "houseboat" : "&#xe584;",
        "how_to_reg" : "&#xe174;",
        "how_to_vote" : "&#xe175;",
        "html" : "&#xeb7e;",
        "http" : "&#xe902;",
        "https" : "&#xe88d;",
        "hub" : "&#xe9f4;",
        "hvac" : "&#xf10e;",
        "ice_skating" : "&#xe50b;",
        "icecream" : "&#xea69;",
        "image" : "&#xe3f4;",
        "image_aspect_ratio" : "&#xe3f5;",
        "image_not_supported" : "&#xf116;",
        "image_search" : "&#xe43f;",
        "imagesearch_roller" : "&#xe9b4;",
        "import_contacts" : "&#xe0e0;",
        "import_export" : "&#xe0c3;",
        "important_devices" : "&#xe912;",
        "inbox" : "&#xe156;",
        "incomplete_circle" : "&#xe79b;",
        "indeterminate_check_box" : "&#xe909;",
        "info" : "&#xe88e;",
        "info_outline" : "&#xe88f;",
        "input" : "&#xe890;",
        "insert_chart" : "&#xe24b;",
        "insert_chart_outlined" : "&#xe26a;",
        "insert_comment" : "&#xe24c;",
        "insert_drive_file" : "&#xe24d;",
        "insert_emoticon" : "&#xe24e;",
        "insert_invitation" : "&#xe24f;",
        "insert_link" : "&#xe250;",
        "insert_page_break" : "&#xeaca;",
        "insert_photo" : "&#xe251;",
        "insights" : "&#xf092;",
        "install_desktop" : "&#xeb71;",
        "install_mobile" : "&#xeb72;",
        "integration_instructions" : "&#xef54;",
        "interests" : "&#xe7c8;",
        "interpreter_mode" : "&#xe83b;",
        "inventory" : "&#xe179;",
        "inventory_2" : "&#xe1a1;",
        "invert_colors" : "&#xe891;",
        "invert_colors_off" : "&#xe0c4;",
        "invert_colors_on" : "&#xe891;",
        "ios_share" : "&#xe6b8;",
        "iron" : "&#xe583;",
        "iso" : "&#xe3f6;",
        "javascript" : "&#xeb7c;",
        "join_full" : "&#xeaeb;",
        "join_inner" : "&#xeaf4;",
        "join_left" : "&#xeaf2;",
        "join_right" : "&#xeaea;",
        "kayaking" : "&#xe50c;",
        "kebab_dining" : "&#xe842;",
        "key" : "&#xe73c;",
        "key_off" : "&#xeb84;",
        "keyboard" : "&#xe312;",
        "keyboard_alt" : "&#xf028;",
        "keyboard_arrow_down" : "&#xe313;",
        "keyboard_arrow_left" : "&#xe314;",
        "keyboard_arrow_right" : "&#xe315;",
        "keyboard_arrow_up" : "&#xe316;",
        "keyboard_backspace" : "&#xe317;",
        "keyboard_capslock" : "&#xe318;",
        "keyboard_command" : "&#xeae0;",
        "keyboard_command_key" : "&#xeae7;",
        "keyboard_control" : "&#xe5d3;",
        "keyboard_control_key" : "&#xeae6;",
        "keyboard_double_arrow_down" : "&#xead0;",
        "keyboard_double_arrow_left" : "&#xeac3;",
        "keyboard_double_arrow_right" : "&#xeac9;",
        "keyboard_double_arrow_up" : "&#xeacf;",
        "keyboard_hide" : "&#xe31a;",
        "keyboard_option" : "&#xeadf;",
        "keyboard_option_key" : "&#xeae8;",
        "keyboard_return" : "&#xe31b;",
        "keyboard_tab" : "&#xe31c;",
        "keyboard_voice" : "&#xe31d;",
        "king_bed" : "&#xea45;",
        "kitchen" : "&#xeb47;",
        "kitesurfing" : "&#xe50d;",
        "label" : "&#xe892;",
        "label_important" : "&#xe937;",
        "label_important_outline" : "&#xe948;",
        "label_off" : "&#xe9b6;",
        "label_outline" : "&#xe893;",
        "lan" : "&#xeb2f;",
        "landscape" : "&#xe3f7;",
        "language" : "&#xe894;",
        "laptop" : "&#xe31e;",
        "laptop_chromebook" : "&#xe31f;",
        "laptop_mac" : "&#xe320;",
        "laptop_windows" : "&#xe321;",
        "last_page" : "&#xe5dd;",
        "launch" : "&#xe895;",
        "layers" : "&#xe53b;",
        "layers_clear" : "&#xe53c;",
        "leaderboard" : "&#xf20c;",
        "leak_add" : "&#xe3f8;",
        "leak_remove" : "&#xe3f9;",
        "leave_bags_at_home" : "&#xf21b;",
        "legend_toggle" : "&#xf11b;",
        "lens" : "&#xe3fa;",
        "lens_blur" : "&#xf029;",
        "library_add" : "&#xe02e;",
        "library_add_check" : "&#xe9b7;",
        "library_books" : "&#xe02f;",
        "library_music" : "&#xe030;",
        "light" : "&#xf02a;",
        "light_mode" : "&#xe518;",
        "lightbulb" : "&#xe0f0;",
        "lightbulb_outline" : "&#xe90f;",
        "line_axis" : "&#xea9a;",
        "line_style" : "&#xe919;",
        "line_weight" : "&#xe91a;",
        "linear_scale" : "&#xe260;",
        "link" : "&#xe157;",
        "link_off" : "&#xe16f;",
        "linked_camera" : "&#xe438;",
        "liquor" : "&#xea60;",
        "list" : "&#xe896;",
        "list_alt" : "&#xe0ee;",
        "live_help" : "&#xe0c6;",
        "live_tv" : "&#xe639;",
        "living" : "&#xf02b;",
        "local_activity" : "&#xe53f;",
        "local_airport" : "&#xe53d;",
        "local_atm" : "&#xe53e;",
        "local_attraction" : "&#xe53f;",
        "local_bar" : "&#xe540;",
        "local_cafe" : "&#xe541;",
        "local_car_wash" : "&#xe542;",
        "local_convenience_store" : "&#xe543;",
        "local_dining" : "&#xe556;",
        "local_drink" : "&#xe544;",
        "local_fire_department" : "&#xef55;",
        "local_florist" : "&#xe545;",
        "local_gas_station" : "&#xe546;",
        "local_grocery_store" : "&#xe547;",
        "local_hospital" : "&#xe548;",
        "local_hotel" : "&#xe549;",
        "local_laundry_service" : "&#xe54a;",
        "local_library" : "&#xe54b;",
        "local_mall" : "&#xe54c;",
        "local_movies" : "&#xe54d;",
        "local_offer" : "&#xe54e;",
        "local_parking" : "&#xe54f;",
        "local_pharmacy" : "&#xe550;",
        "local_phone" : "&#xe551;",
        "local_pizza" : "&#xe552;",
        "local_play" : "&#xe553;",
        "local_police" : "&#xef56;",
        "local_post_office" : "&#xe554;",
        "local_print_shop" : "&#xe555;",
        "local_printshop" : "&#xe555;",
        "local_restaurant" : "&#xe556;",
        "local_see" : "&#xe557;",
        "local_shipping" : "&#xe558;",
        "local_taxi" : "&#xe559;",
        "location_city" : "&#xe7f1;",
        "location_disabled" : "&#xe1b6;",
        "location_history" : "&#xe55a;",
        "location_off" : "&#xe0c7;",
        "location_on" : "&#xe0c8;",
        "location_pin" : "&#xf1db;",
        "location_searching" : "&#xe1b7;",
        "lock" : "&#xe897;",
        "lock_clock" : "&#xef57;",
        "lock_open" : "&#xe898;",
        "lock_outline" : "&#xe899;",
        "lock_reset" : "&#xeade;",
        "login" : "&#xea77;",
        "logo_dev" : "&#xead6;",
        "logout" : "&#xe9ba;",
        "looks" : "&#xe3fc;",
        "looks_3" : "&#xe3fb;",
        "looks_4" : "&#xe3fd;",
        "looks_5" : "&#xe3fe;",
        "looks_6" : "&#xe3ff;",
        "looks_one" : "&#xe400;",
        "looks_two" : "&#xe401;",
        "loop" : "&#xe028;",
        "loupe" : "&#xe402;",
        "low_priority" : "&#xe16d;",
        "loyalty" : "&#xe89a;",
        "lte_mobiledata" : "&#xf02c;",
        "lte_plus_mobiledata" : "&#xf02d;",
        "luggage" : "&#xf235;",
        "lunch_dining" : "&#xea61;",
        "mail" : "&#xe158;",
        "mail_outline" : "&#xe0e1;",
        "male" : "&#xe58e;",
        "man" : "&#xe4eb;",
        "manage_accounts" : "&#xf02e;",
        "manage_search" : "&#xf02f;",
        "map" : "&#xe55b;",
        "maps_home_work" : "&#xf030;",
        "maps_ugc" : "&#xef58;",
        "margin" : "&#xe9bb;",
        "mark_as_unread" : "&#xe9bc;",
        "mark_chat_read" : "&#xf18b;",
        "mark_chat_unread" : "&#xf189;",
        "mark_email_read" : "&#xf18c;",
        "mark_email_unread" : "&#xf18a;",
        "mark_unread_chat_alt" : "&#xeb9d;",
        "markunread" : "&#xe159;",
        "markunread_mailbox" : "&#xe89b;",
        "masks" : "&#xf218;",
        "maximize" : "&#xe930;",
        "media_bluetooth_off" : "&#xf031;",
        "media_bluetooth_on" : "&#xf032;",
        "mediation" : "&#xefa7;",
        "medical_services" : "&#xf109;",
        "medication" : "&#xf033;",
        "medication_liquid" : "&#xea87;",
        "meeting_room" : "&#xeb4f;",
        "memory" : "&#xe322;",
        "menu" : "&#xe5d2;",
        "menu_book" : "&#xea19;",
        "menu_open" : "&#xe9bd;",
        "merge" : "&#xeb98;",
        "merge_type" : "&#xe252;",
        "message" : "&#xe0c9;",
        "messenger" : "&#xe0ca;",
        "messenger_outline" : "&#xe0cb;",
        "mic" : "&#xe029;",
        "mic_external_off" : "&#xef59;",
        "mic_external_on" : "&#xef5a;",
        "mic_none" : "&#xe02a;",
        "mic_off" : "&#xe02b;",
        "microwave" : "&#xf204;",
        "military_tech" : "&#xea3f;",
        "minimize" : "&#xe931;",
        "miscellaneous_services" : "&#xf10c;",
        "missed_video_call" : "&#xe073;",
        "mms" : "&#xe618;",
        "mobile_friendly" : "&#xe200;",
        "mobile_off" : "&#xe201;",
        "mobile_screen_share" : "&#xe0e7;",
        "mobiledata_off" : "&#xf034;",
        "mode" : "&#xf097;",
        "mode_comment" : "&#xe253;",
        "mode_edit" : "&#xe254;",
        "mode_edit_outline" : "&#xf035;",
        "mode_night" : "&#xf036;",
        "mode_of_travel" : "&#xe7ce;",
        "mode_standby" : "&#xf037;",
        "model_training" : "&#xf0cf;",
        "monetization_on" : "&#xe263;",
        "money" : "&#xe57d;",
        "money_off" : "&#xe25c;",
        "money_off_csred" : "&#xf038;",
        "monitor" : "&#xef5b;",
        "monitor_heart" : "&#xeaa2;",
        "monitor_weight" : "&#xf039;",
        "monochrome_photos" : "&#xe403;",
        "mood" : "&#xe7f2;",
        "mood_bad" : "&#xe7f3;",
        "moped" : "&#xeb28;",
        "more" : "&#xe619;",
        "more_horiz" : "&#xe5d3;",
        "more_time" : "&#xea5d;",
        "more_vert" : "&#xe5d4;",
        "mosque" : "&#xeab2;",
        "motion_photos_auto" : "&#xf03a;",
        "motion_photos_off" : "&#xe9c0;",
        "motion_photos_on" : "&#xe9c1;",
        "motion_photos_pause" : "&#xf227;",
        "motion_photos_paused" : "&#xe9c2;",
        "motorcycle" : "&#xe91b;",
        "mouse" : "&#xe323;",
        "move_down" : "&#xeb61;",
        "move_to_inbox" : "&#xe168;",
        "move_up" : "&#xeb64;",
        "movie" : "&#xe02c;",
        "movie_creation" : "&#xe404;",
        "movie_filter" : "&#xe43a;",
        "moving" : "&#xe501;",
        "mp" : "&#xe9c3;",
        "multiline_chart" : "&#xe6df;",
        "multiple_stop" : "&#xf1b9;",
        "multitrack_audio" : "&#xe1b8;",
        "museum" : "&#xea36;",
        "music_note" : "&#xe405;",
        "music_off" : "&#xe440;",
        "music_video" : "&#xe063;",
        "my_library_add" : "&#xe02e;",
        "my_library_books" : "&#xe02f;",
        "my_library_music" : "&#xe030;",
        "my_location" : "&#xe55c;",
        "nat" : "&#xef5c;",
        "nature" : "&#xe406;",
        "nature_people" : "&#xe407;",
        "navigate_before" : "&#xe408;",
        "navigate_next" : "&#xe409;",
        "navigation" : "&#xe55d;",
        "near_me" : "&#xe569;",
        "near_me_disabled" : "&#xf1ef;",
        "nearby_error" : "&#xf03b;",
        "nearby_off" : "&#xf03c;",
        "network_cell" : "&#xe1b9;",
        "network_check" : "&#xe640;",
        "network_locked" : "&#xe61a;",
        "network_wifi" : "&#xe1ba;",
        "new_label" : "&#xe609;",
        "new_releases" : "&#xe031;",
        "newspaper" : "&#xeb81;",
        "next_plan" : "&#xef5d;",
        "next_week" : "&#xe16a;",
        "nfc" : "&#xe1bb;",
        "night_shelter" : "&#xf1f1;",
        "nightlife" : "&#xea62;",
        "nightlight" : "&#xf03d;",
        "nightlight_round" : "&#xef5e;",
        "nights_stay" : "&#xea46;",
        "no_accounts" : "&#xf03e;",
        "no_backpack" : "&#xf237;",
        "no_cell" : "&#xf1a4;",
        "no_drinks" : "&#xf1a5;",
        "no_encryption" : "&#xe641;",
        "no_encryption_gmailerrorred" : "&#xf03f;",
        "no_flash" : "&#xf1a6;",
        "no_food" : "&#xf1a7;",
        "no_luggage" : "&#xf23b;",
        "no_meals" : "&#xf1d6;",
        "no_meals_ouline" : "&#xf229;",
        "no_meeting_room" : "&#xeb4e;",
        "no_photography" : "&#xf1a8;",
        "no_sim" : "&#xe0cc;",
        "no_stroller" : "&#xf1af;",
        "no_transfer" : "&#xf1d5;",
        "nordic_walking" : "&#xe50e;",
        "north" : "&#xf1e0;",
        "north_east" : "&#xf1e1;",
        "north_west" : "&#xf1e2;",
        "not_accessible" : "&#xf0fe;",
        "not_interested" : "&#xe033;",
        "not_listed_location" : "&#xe575;",
        "not_started" : "&#xf0d1;",
        "note" : "&#xe06f;",
        "note_add" : "&#xe89c;",
        "note_alt" : "&#xf040;",
        "notes" : "&#xe26c;",
        "notification_add" : "&#xe399;",
        "notification_important" : "&#xe004;",
        "notifications" : "&#xe7f4;",
        "notifications_active" : "&#xe7f7;",
        "notifications_none" : "&#xe7f5;",
        "notifications_off" : "&#xe7f6;",
        "notifications_on" : "&#xe7f7;",
        "notifications_paused" : "&#xe7f8;",
        "now_wallpaper" : "&#xe1bc;",
        "now_widgets" : "&#xe1bd;",
        "numbers" : "&#xeac7;",
        "offline_bolt" : "&#xe932;",
        "offline_pin" : "&#xe90a;",
        "offline_share" : "&#xe9c5;",
        "ondemand_video" : "&#xe63a;",
        "online_prediction" : "&#xf0eb;",
        "opacity" : "&#xe91c;",
        "open_in_browser" : "&#xe89d;",
        "open_in_full" : "&#xf1ce;",
        "open_in_new" : "&#xe89e;",
        "open_in_new_off" : "&#xe4f6;",
        "open_with" : "&#xe89f;",
        "other_houses" : "&#xe58c;",
        "outbond" : "&#xf228;",
        "outbound" : "&#xe1ca;",
        "outbox" : "&#xef5f;",
        "outdoor_grill" : "&#xea47;",
        "outgoing_mail" : "&#xf0d2;",
        "outlet" : "&#xf1d4;",
        "outlined_flag" : "&#xe16e;",
        "padding" : "&#xe9c8;",
        "pages" : "&#xe7f9;",
        "pageview" : "&#xe8a0;",
        "paid" : "&#xf041;",
        "palette" : "&#xe40a;",
        "pan_tool" : "&#xe925;",
        "pan_tool_alt" : "&#xebb9;",
        "panorama" : "&#xe40b;",
        "panorama_fish_eye" : "&#xe40c;",
        "panorama_fisheye" : "&#xe40c;",
        "panorama_horizontal" : "&#xe40d;",
        "panorama_horizontal_select" : "&#xef60;",
        "panorama_photosphere" : "&#xe9c9;",
        "panorama_photosphere_select" : "&#xe9ca;",
        "panorama_vertical" : "&#xe40e;",
        "panorama_vertical_select" : "&#xef61;",
        "panorama_wide_angle" : "&#xe40f;",
        "panorama_wide_angle_select" : "&#xef62;",
        "paragliding" : "&#xe50f;",
        "park" : "&#xea63;",
        "party_mode" : "&#xe7fa;",
        "password" : "&#xf042;",
        "pattern" : "&#xf043;",
        "pause" : "&#xe034;",
        "pause_circle" : "&#xe1a2;",
        "pause_circle_filled" : "&#xe035;",
        "pause_circle_outline" : "&#xe036;",
        "pause_presentation" : "&#xe0ea;",
        "payment" : "&#xe8a1;",
        "payments" : "&#xef63;",
        "paypal" : "&#xea8d;",
        "pedal_bike" : "&#xeb29;",
        "pending" : "&#xef64;",
        "pending_actions" : "&#xf1bb;",
        "pentagon" : "&#xeb50;",
        "people" : "&#xe7fb;",
        "people_alt" : "&#xea21;",
        "people_outline" : "&#xe7fc;",
        "percent" : "&#xeb58;",
        "perm_camera_mic" : "&#xe8a2;",
        "perm_contact_cal" : "&#xe8a3;",
        "perm_contact_calendar" : "&#xe8a3;",
        "perm_data_setting" : "&#xe8a4;",
        "perm_device_info" : "&#xe8a5;",
        "perm_device_information" : "&#xe8a5;",
        "perm_identity" : "&#xe8a6;",
        "perm_media" : "&#xe8a7;",
        "perm_phone_msg" : "&#xe8a8;",
        "perm_scan_wifi" : "&#xe8a9;",
        "person" : "&#xe7fd;",
        "person_add" : "&#xe7fe;",
        "person_add_alt" : "&#xea4d;",
        "person_add_alt_1" : "&#xef65;",
        "person_add_disabled" : "&#xe9cb;",
        "person_off" : "&#xe510;",
        "person_outline" : "&#xe7ff;",
        "person_pin" : "&#xe55a;",
        "person_pin_circle" : "&#xe56a;",
        "person_remove" : "&#xef66;",
        "person_remove_alt_1" : "&#xef67;",
        "person_search" : "&#xf106;",
        "personal_injury" : "&#xe6da;",
        "personal_video" : "&#xe63b;",
        "pest_control" : "&#xf0fa;",
        "pest_control_rodent" : "&#xf0fd;",
        "pets" : "&#xe91d;",
        "phishing" : "&#xead7;",
        "phone" : "&#xe0cd;",
        "phone_android" : "&#xe324;",
        "phone_bluetooth_speaker" : "&#xe61b;",
        "phone_callback" : "&#xe649;",
        "phone_disabled" : "&#xe9cc;",
        "phone_enabled" : "&#xe9cd;",
        "phone_forwarded" : "&#xe61c;",
        "phone_in_talk" : "&#xe61d;",
        "phone_iphone" : "&#xe325;",
        "phone_locked" : "&#xe61e;",
        "phone_missed" : "&#xe61f;",
        "phone_paused" : "&#xe620;",
        "phonelink" : "&#xe326;",
        "phonelink_erase" : "&#xe0db;",
        "phonelink_lock" : "&#xe0dc;",
        "phonelink_off" : "&#xe327;",
        "phonelink_ring" : "&#xe0dd;",
        "phonelink_setup" : "&#xe0de;",
        "photo" : "&#xe410;",
        "photo_album" : "&#xe411;",
        "photo_camera" : "&#xe412;",
        "photo_camera_back" : "&#xef68;",
        "photo_camera_front" : "&#xef69;",
        "photo_filter" : "&#xe43b;",
        "photo_library" : "&#xe413;",
        "photo_size_select_actual" : "&#xe432;",
        "photo_size_select_large" : "&#xe433;",
        "photo_size_select_small" : "&#xe434;",
        "php" : "&#xeb8f;",
        "piano" : "&#xe521;",
        "piano_off" : "&#xe520;",
        "picture_as_pdf" : "&#xe415;",
        "picture_in_picture" : "&#xe8aa;",
        "picture_in_picture_alt" : "&#xe911;",
        "pie_chart" : "&#xe6c4;",
        "pie_chart_outline" : "&#xf044;",
        "pie_chart_outlined" : "&#xe6c5;",
        "pin" : "&#xf045;",
        "pin_drop" : "&#xe55e;",
        "pin_end" : "&#xe767;",
        "pin_invoke" : "&#xe763;",
        "pinch" : "&#xeb38;",
        "pivot_table_chart" : "&#xe9ce;",
        "pix" : "&#xeaa3;",
        "place" : "&#xe55f;",
        "plagiarism" : "&#xea5a;",
        "play_arrow" : "&#xe037;",
        "play_circle" : "&#xe1c4;",
        "play_circle_fill" : "&#xe038;",
        "play_circle_filled" : "&#xe038;",
        "play_circle_outline" : "&#xe039;",
        "play_disabled" : "&#xef6a;",
        "play_for_work" : "&#xe906;",
        "play_lesson" : "&#xf047;",
        "playlist_add" : "&#xe03b;",
        "playlist_add_check" : "&#xe065;",
        "playlist_add_check_circle" : "&#xe7e6;",
        "playlist_add_circle" : "&#xe7e5;",
        "playlist_play" : "&#xe05f;",
        "playlist_remove" : "&#xeb80;",
        "plumbing" : "&#xf107;",
        "plus_one" : "&#xe800;",
        "podcasts" : "&#xf048;",
        "point_of_sale" : "&#xf17e;",
        "policy" : "&#xea17;",
        "poll" : "&#xe801;",
        "polyline" : "&#xebbb;",
        "polymer" : "&#xe8ab;",
        "pool" : "&#xeb48;",
        "portable_wifi_off" : "&#xe0ce;",
        "portrait" : "&#xe416;",
        "post_add" : "&#xea20;",
        "power" : "&#xe63c;",
        "power_input" : "&#xe336;",
        "power_off" : "&#xe646;",
        "power_settings_new" : "&#xe8ac;",
        "precision_manufacturing" : "&#xf049;",
        "pregnant_woman" : "&#xe91e;",
        "present_to_all" : "&#xe0df;",
        "preview" : "&#xf1c5;",
        "price_change" : "&#xf04a;",
        "price_check" : "&#xf04b;",
        "print" : "&#xe8ad;",
        "print_disabled" : "&#xe9cf;",
        "priority_high" : "&#xe645;",
        "privacy_tip" : "&#xf0dc;",
        "private_connectivity" : "&#xe744;",
        "production_quantity_limits" : "&#xe1d1;",
        "psychology" : "&#xea4a;",
        "public" : "&#xe80b;",
        "public_off" : "&#xf1ca;",
        "publish" : "&#xe255;",
        "published_with_changes" : "&#xf232;",
        "punch_clock" : "&#xeaa8;",
        "push_pin" : "&#xf10d;",
        "qr_code" : "&#xef6b;",
        "qr_code_2" : "&#xe00a;",
        "qr_code_scanner" : "&#xf206;",
        "query_builder" : "&#xe8ae;",
        "query_stats" : "&#xe4fc;",
        "question_answer" : "&#xe8af;",
        "question_mark" : "&#xeb8b;",
        "queue" : "&#xe03c;",
        "queue_music" : "&#xe03d;",
        "queue_play_next" : "&#xe066;",
        "quick_contacts_dialer" : "&#xe0cf;",
        "quick_contacts_mail" : "&#xe0d0;",
        "quickreply" : "&#xef6c;",
        "quiz" : "&#xf04c;",
        "quora" : "&#xea98;",
        "r_mobiledata" : "&#xf04d;",
        "radar" : "&#xf04e;",
        "radio" : "&#xe03e;",
        "radio_button_checked" : "&#xe837;",
        "radio_button_off" : "&#xe836;",
        "radio_button_on" : "&#xe837;",
        "radio_button_unchecked" : "&#xe836;",
        "railway_alert" : "&#xe9d1;",
        "ramen_dining" : "&#xea64;",
        "ramp_left" : "&#xeb9c;",
        "ramp_right" : "&#xeb96;",
        "rate_review" : "&#xe560;",
        "raw_off" : "&#xf04f;",
        "raw_on" : "&#xf050;",
        "read_more" : "&#xef6d;",
        "real_estate_agent" : "&#xe73a;",
        "receipt" : "&#xe8b0;",
        "receipt_long" : "&#xef6e;",
        "recent_actors" : "&#xe03f;",
        "recommend" : "&#xe9d2;",
        "record_voice_over" : "&#xe91f;",
        "rectangle" : "&#xeb54;",
        "recycling" : "&#xe760;",
        "reddit" : "&#xeaa0;",
        "redeem" : "&#xe8b1;",
        "redo" : "&#xe15a;",
        "reduce_capacity" : "&#xf21c;",
        "refresh" : "&#xe5d5;",
        "remember_me" : "&#xf051;",
        "remove" : "&#xe15b;",
        "remove_circle" : "&#xe15c;",
        "remove_circle_outline" : "&#xe15d;",
        "remove_done" : "&#xe9d3;",
        "remove_from_queue" : "&#xe067;",
        "remove_moderator" : "&#xe9d4;",
        "remove_red_eye" : "&#xe417;",
        "remove_shopping_cart" : "&#xe928;",
        "reorder" : "&#xe8fe;",
        "repeat" : "&#xe040;",
        "repeat_on" : "&#xe9d6;",
        "repeat_one" : "&#xe041;",
        "repeat_one_on" : "&#xe9d7;",
        "replay" : "&#xe042;",
        "replay_10" : "&#xe059;",
        "replay_30" : "&#xe05a;",
        "replay_5" : "&#xe05b;",
        "replay_circle_filled" : "&#xe9d8;",
        "reply" : "&#xe15e;",
        "reply_all" : "&#xe15f;",
        "report" : "&#xe160;",
        "report_gmailerrorred" : "&#xf052;",
        "report_off" : "&#xe170;",
        "report_problem" : "&#xe8b2;",
        "request_page" : "&#xf22c;",
        "request_quote" : "&#xf1b6;",
        "reset_tv" : "&#xe9d9;",
        "restart_alt" : "&#xf053;",
        "restaurant" : "&#xe56c;",
        "restaurant_menu" : "&#xe561;",
        "restore" : "&#xe8b3;",
        "restore_from_trash" : "&#xe938;",
        "restore_page" : "&#xe929;",
        "reviews" : "&#xf054;",
        "rice_bowl" : "&#xf1f5;",
        "ring_volume" : "&#xe0d1;",
        "rocket" : "&#xeba5;",
        "rocket_launch" : "&#xeb9b;",
        "roofing" : "&#xf201;",
        "room" : "&#xe8b4;",
        "room_preferences" : "&#xf1b8;",
        "room_service" : "&#xeb49;",
        "rotate_90_degrees_ccw" : "&#xe418;",
        "rotate_90_degrees_cw" : "&#xeaab;",
        "rotate_left" : "&#xe419;",
        "rotate_right" : "&#xe41a;",
        "roundabout_left" : "&#xeb99;",
        "roundabout_right" : "&#xeba3;",
        "rounded_corner" : "&#xe920;",
        "route" : "&#xeacd;",
        "router" : "&#xe328;",
        "rowing" : "&#xe921;",
        "rss_feed" : "&#xe0e5;",
        "rsvp" : "&#xf055;",
        "rtt" : "&#xe9ad;",
        "rule" : "&#xf1c2;",
        "rule_folder" : "&#xf1c9;",
        "run_circle" : "&#xef6f;",
        "running_with_errors" : "&#xe51d;",
        "rv_hookup" : "&#xe642;",
        "safety_divider" : "&#xe1cc;",
        "sailing" : "&#xe502;",
        "sanitizer" : "&#xf21d;",
        "satellite" : "&#xe562;",
        "satellite_alt" : "&#xeb3a;",
        "save" : "&#xe161;",
        "save_alt" : "&#xe171;",
        "save_as" : "&#xeb60;",
        "saved_search" : "&#xea11;",
        "savings" : "&#xe2eb;",
        "scale" : "&#xeb5f;",
        "scanner" : "&#xe329;",
        "scatter_plot" : "&#xe268;",
        "schedule" : "&#xe8b5;",
        "schedule_send" : "&#xea0a;",
        "schema" : "&#xe4fd;",
        "school" : "&#xe80c;",
        "science" : "&#xea4b;",
        "score" : "&#xe269;",
        "screen_lock_landscape" : "&#xe1be;",
        "screen_lock_portrait" : "&#xe1bf;",
        "screen_lock_rotation" : "&#xe1c0;",
        "screen_rotation" : "&#xe1c1;",
        "screen_search_desktop" : "&#xef70;",
        "screen_share" : "&#xe0e2;",
        "screenshot" : "&#xf056;",
        "sd" : "&#xe9dd;",
        "sd_card" : "&#xe623;",
        "sd_card_alert" : "&#xf057;",
        "sd_storage" : "&#xe1c2;",
        "search" : "&#xe8b6;",
        "search_off" : "&#xea76;",
        "security" : "&#xe32a;",
        "security_update" : "&#xf058;",
        "security_update_good" : "&#xf059;",
        "security_update_warning" : "&#xf05a;",
        "segment" : "&#xe94b;",
        "select_all" : "&#xe162;",
        "self_improvement" : "&#xea78;",
        "sell" : "&#xf05b;",
        "send" : "&#xe163;",
        "send_and_archive" : "&#xea0c;",
        "send_time_extension" : "&#xeadb;",
        "send_to_mobile" : "&#xf05c;",
        "sensor_door" : "&#xf1b5;",
        "sensor_window" : "&#xf1b4;",
        "sensors" : "&#xe51e;",
        "sensors_off" : "&#xe51f;",
        "sentiment_dissatisfied" : "&#xe811;",
        "sentiment_neutral" : "&#xe812;",
        "sentiment_satisfied" : "&#xe813;",
        "sentiment_satisfied_alt" : "&#xe0ed;",
        "sentiment_very_dissatisfied" : "&#xe814;",
        "sentiment_very_satisfied" : "&#xe815;",
        "set_meal" : "&#xf1ea;",
        "settings" : "&#xe8b8;",
        "settings_accessibility" : "&#xf05d;",
        "settings_applications" : "&#xe8b9;",
        "settings_backup_restore" : "&#xe8ba;",
        "settings_bluetooth" : "&#xe8bb;",
        "settings_brightness" : "&#xe8bd;",
        "settings_cell" : "&#xe8bc;",
        "settings_display" : "&#xe8bd;",
        "settings_ethernet" : "&#xe8be;",
        "settings_input_antenna" : "&#xe8bf;",
        "settings_input_component" : "&#xe8c0;",
        "settings_input_composite" : "&#xe8c1;",
        "settings_input_hdmi" : "&#xe8c2;",
        "settings_input_svideo" : "&#xe8c3;",
        "settings_overscan" : "&#xe8c4;",
        "settings_phone" : "&#xe8c5;",
        "settings_power" : "&#xe8c6;",
        "settings_remote" : "&#xe8c7;",
        "settings_suggest" : "&#xf05e;",
        "settings_system_daydream" : "&#xe1c3;",
        "settings_voice" : "&#xe8c8;",
        "share" : "&#xe80d;",
        "share_arrival_time" : "&#xe524;",
        "share_location" : "&#xf05f;",
        "shield" : "&#xe9e0;",
        "shield_moon" : "&#xeaa9;",
        "shop" : "&#xe8c9;",
        "shop_2" : "&#xe19e;",
        "shop_two" : "&#xe8ca;",
        "shopify" : "&#xea9d;",
        "shopping_bag" : "&#xf1cc;",
        "shopping_basket" : "&#xe8cb;",
        "shopping_cart" : "&#xe8cc;",
        "shopping_cart_checkout" : "&#xeb88;",
        "short_text" : "&#xe261;",
        "shortcut" : "&#xf060;",
        "show_chart" : "&#xe6e1;",
        "shower" : "&#xf061;",
        "shuffle" : "&#xe043;",
        "shuffle_on" : "&#xe9e1;",
        "shutter_speed" : "&#xe43d;",
        "sick" : "&#xf220;",
        "signal_cellular_0_bar" : "&#xf0a8;",
        "signal_cellular_4_bar" : "&#xe1c8;",
        "signal_cellular_alt" : "&#xe202;",
        "signal_cellular_connected_no_internet_0_bar" : "&#xf0ac;",
        "signal_cellular_connected_no_internet_4_bar" : "&#xe1cd;",
        "signal_cellular_no_sim" : "&#xe1ce;",
        "signal_cellular_nodata" : "&#xf062;",
        "signal_cellular_null" : "&#xe1cf;",
        "signal_cellular_off" : "&#xe1d0;",
        "signal_wifi_0_bar" : "&#xf0b0;",
        "signal_wifi_4_bar" : "&#xe1d8;",
        "signal_wifi_4_bar_lock" : "&#xe1d9;",
        "signal_wifi_bad" : "&#xf063;",
        "signal_wifi_connected_no_internet_4" : "&#xf064;",
        "signal_wifi_off" : "&#xe1da;",
        "signal_wifi_statusbar_4_bar" : "&#xf065;",
        "signal_wifi_statusbar_connected_no_internet_4" : "&#xf066;",
        "signal_wifi_statusbar_null" : "&#xf067;",
        "signpost" : "&#xeb91;",
        "sim_card" : "&#xe32b;",
        "sim_card_alert" : "&#xe624;",
        "sim_card_download" : "&#xf068;",
        "single_bed" : "&#xea48;",
        "sip" : "&#xf069;",
        "skateboarding" : "&#xe511;",
        "skip_next" : "&#xe044;",
        "skip_previous" : "&#xe045;",
        "sledding" : "&#xe512;",
        "slideshow" : "&#xe41b;",
        "slow_motion_video" : "&#xe068;",
        "smart_button" : "&#xf1c1;",
        "smart_display" : "&#xf06a;",
        "smart_screen" : "&#xf06b;",
        "smart_toy" : "&#xf06c;",
        "smartphone" : "&#xe32c;",
        "smoke_free" : "&#xeb4a;",
        "smoking_rooms" : "&#xeb4b;",
        "sms" : "&#xe625;",
        "sms_failed" : "&#xe626;",
        "snapchat" : "&#xea6e;",
        "snippet_folder" : "&#xf1c7;",
        "snooze" : "&#xe046;",
        "snowboarding" : "&#xe513;",
        "snowing" : "&#xe80f;",
        "snowmobile" : "&#xe503;",
        "snowshoeing" : "&#xe514;",
        "soap" : "&#xf1b2;",
        "social_distance" : "&#xe1cb;",
        "sort" : "&#xe164;",
        "sort_by_alpha" : "&#xe053;",
        "soup_kitchen" : "&#xe7d3;",
        "source" : "&#xf1c4;",
        "south" : "&#xf1e3;",
        "south_america" : "&#xe7e4;",
        "south_east" : "&#xf1e4;",
        "south_west" : "&#xf1e5;",
        "spa" : "&#xeb4c;",
        "space_bar" : "&#xe256;",
        "space_dashboard" : "&#xe66b;",
        "speaker" : "&#xe32d;",
        "speaker_group" : "&#xe32e;",
        "speaker_notes" : "&#xe8cd;",
        "speaker_notes_off" : "&#xe92a;",
        "speaker_phone" : "&#xe0d2;",
        "speed" : "&#xe9e4;",
        "spellcheck" : "&#xe8ce;",
        "splitscreen" : "&#xf06d;",
        "spoke" : "&#xe9a7;",
        "sports" : "&#xea30;",
        "sports_bar" : "&#xf1f3;",
        "sports_baseball" : "&#xea51;",
        "sports_basketball" : "&#xea26;",
        "sports_cricket" : "&#xea27;",
        "sports_esports" : "&#xea28;",
        "sports_football" : "&#xea29;",
        "sports_golf" : "&#xea2a;",
        "sports_handball" : "&#xea33;",
        "sports_hockey" : "&#xea2b;",
        "sports_kabaddi" : "&#xea34;",
        "sports_martial_arts" : "&#xeae9;",
        "sports_mma" : "&#xea2c;",
        "sports_motorsports" : "&#xea2d;",
        "sports_rugby" : "&#xea2e;",
        "sports_score" : "&#xf06e;",
        "sports_soccer" : "&#xea2f;",
        "sports_tennis" : "&#xea32;",
        "sports_volleyball" : "&#xea31;",
        "square" : "&#xeb36;",
        "square_foot" : "&#xea49;",
        "ssid_chart" : "&#xeb66;",
        "stacked_bar_chart" : "&#xe9e6;",
        "stacked_line_chart" : "&#xf22b;",
        "stadium" : "&#xeb90;",
        "stairs" : "&#xf1a9;",
        "star" : "&#xe838;",
        "star_border" : "&#xe83a;",
        "star_border_purple500" : "&#xf099;",
        "star_half" : "&#xe839;",
        "star_outline" : "&#xf06f;",
        "star_purple500" : "&#xf09a;",
        "star_rate" : "&#xf0ec;",
        "stars" : "&#xe8d0;",
        "start" : "&#xe089;",
        "stay_current_landscape" : "&#xe0d3;",
        "stay_current_portrait" : "&#xe0d4;",
        "stay_primary_landscape" : "&#xe0d5;",
        "stay_primary_portrait" : "&#xe0d6;",
        "sticky_note_2" : "&#xf1fc;",
        "stop" : "&#xe047;",
        "stop_circle" : "&#xef71;",
        "stop_screen_share" : "&#xe0e3;",
        "storage" : "&#xe1db;",
        "store" : "&#xe8d1;",
        "store_mall_directory" : "&#xe563;",
        "storefront" : "&#xea12;",
        "storm" : "&#xf070;",
        "straight" : "&#xeb95;",
        "straighten" : "&#xe41c;",
        "stream" : "&#xe9e9;",
        "streetview" : "&#xe56e;",
        "strikethrough_s" : "&#xe257;",
        "stroller" : "&#xf1ae;",
        "style" : "&#xe41d;",
        "subdirectory_arrow_left" : "&#xe5d9;",
        "subdirectory_arrow_right" : "&#xe5da;",
        "subject" : "&#xe8d2;",
        "subscript" : "&#xf111;",
        "subscriptions" : "&#xe064;",
        "subtitles" : "&#xe048;",
        "subtitles_off" : "&#xef72;",
        "subway" : "&#xe56f;",
        "summarize" : "&#xf071;",
        "sunny" : "&#xe81a;",
        "sunny_snowing" : "&#xe819;",
        "superscript" : "&#xf112;",
        "supervised_user_circle" : "&#xe939;",
        "supervisor_account" : "&#xe8d3;",
        "support" : "&#xef73;",
        "support_agent" : "&#xf0e2;",
        "surfing" : "&#xe515;",
        "surround_sound" : "&#xe049;",
        "swap_calls" : "&#xe0d7;",
        "swap_horiz" : "&#xe8d4;",
        "swap_horizontal_circle" : "&#xe933;",
        "swap_vert" : "&#xe8d5;",
        "swap_vert_circle" : "&#xe8d6;",
        "swap_vertical_circle" : "&#xe8d6;",
        "swipe" : "&#xe9ec;",
        "swipe_down" : "&#xeb53;",
        "swipe_down_alt" : "&#xeb30;",
        "swipe_left" : "&#xeb59;",
        "swipe_left_alt" : "&#xeb33;",
        "swipe_right" : "&#xeb52;",
        "swipe_right_alt" : "&#xeb56;",
        "swipe_up" : "&#xeb2e;",
        "swipe_up_alt" : "&#xeb35;",
        "swipe_vertical" : "&#xeb51;",
        "switch_access_shortcut" : "&#xe7e1;",
        "switch_access_shortcut_add" : "&#xe7e2;",
        "switch_account" : "&#xe9ed;",
        "switch_camera" : "&#xe41e;",
        "switch_left" : "&#xf1d1;",
        "switch_right" : "&#xf1d2;",
        "switch_video" : "&#xe41f;",
        "synagogue" : "&#xeab0;",
        "sync" : "&#xe627;",
        "sync_alt" : "&#xea18;",
        "sync_disabled" : "&#xe628;",
        "sync_lock" : "&#xeaee;",
        "sync_problem" : "&#xe629;",
        "system_security_update" : "&#xf072;",
        "system_security_update_good" : "&#xf073;",
        "system_security_update_warning" : "&#xf074;",
        "system_update" : "&#xe62a;",
        "system_update_alt" : "&#xe8d7;",
        "system_update_tv" : "&#xe8d7;",
        "tab" : "&#xe8d8;",
        "tab_unselected" : "&#xe8d9;",
        "table_bar" : "&#xead2;",
        "table_chart" : "&#xe265;",
        "table_restaurant" : "&#xeac6;",
        "table_rows" : "&#xf101;",
        "table_view" : "&#xf1be;",
        "tablet" : "&#xe32f;",
        "tablet_android" : "&#xe330;",
        "tablet_mac" : "&#xe331;",
        "tag" : "&#xe9ef;",
        "tag_faces" : "&#xe420;",
        "takeout_dining" : "&#xea74;",
        "tap_and_play" : "&#xe62b;",
        "tapas" : "&#xf1e9;",
        "task" : "&#xf075;",
        "task_alt" : "&#xe2e6;",
        "taxi_alert" : "&#xef74;",
        "telegram" : "&#xea6b;",
        "temple_buddhist" : "&#xeab3;",
        "temple_hindu" : "&#xeaaf;",
        "terminal" : "&#xeb8e;",
        "terrain" : "&#xe564;",
        "text_decrease" : "&#xeadd;",
        "text_fields" : "&#xe262;",
        "text_format" : "&#xe165;",
        "text_increase" : "&#xeae2;",
        "text_rotate_up" : "&#xe93a;",
        "text_rotate_vertical" : "&#xe93b;",
        "text_rotation_angledown" : "&#xe93c;",
        "text_rotation_angleup" : "&#xe93d;",
        "text_rotation_down" : "&#xe93e;",
        "text_rotation_none" : "&#xe93f;",
        "text_snippet" : "&#xf1c6;",
        "textsms" : "&#xe0d8;",
        "texture" : "&#xe421;",
        "theater_comedy" : "&#xea66;",
        "theaters" : "&#xe8da;",
        "thermostat" : "&#xf076;",
        "thermostat_auto" : "&#xf077;",
        "thumb_down" : "&#xe8db;",
        "thumb_down_alt" : "&#xe816;",
        "thumb_down_off_alt" : "&#xe9f2;",
        "thumb_up" : "&#xe8dc;",
        "thumb_up_alt" : "&#xe817;",
        "thumb_up_off_alt" : "&#xe9f3;",
        "thumbs_up_down" : "&#xe8dd;",
        "tiktok" : "&#xea7e;",
        "time_to_leave" : "&#xe62c;",
        "timelapse" : "&#xe422;",
        "timeline" : "&#xe922;",
        "timer" : "&#xe425;",
        "timer_10" : "&#xe423;",
        "timer_10_select" : "&#xf07a;",
        "timer_3" : "&#xe424;",
        "timer_3_select" : "&#xf07b;",
        "timer_off" : "&#xe426;",
        "tips_and_updates" : "&#xe79a;",
        "title" : "&#xe264;",
        "toc" : "&#xe8de;",
        "today" : "&#xe8df;",
        "toggle_off" : "&#xe9f5;",
        "toggle_on" : "&#xe9f6;",
        "token" : "&#xea25;",
        "toll" : "&#xe8e0;",
        "tonality" : "&#xe427;",
        "topic" : "&#xf1c8;",
        "touch_app" : "&#xe913;",
        "tour" : "&#xef75;",
        "toys" : "&#xe332;",
        "track_changes" : "&#xe8e1;",
        "traffic" : "&#xe565;",
        "train" : "&#xe570;",
        "tram" : "&#xe571;",
        "transfer_within_a_station" : "&#xe572;",
        "transform" : "&#xe428;",
        "transgender" : "&#xe58d;",
        "transit_enterexit" : "&#xe579;",
        "translate" : "&#xe8e2;",
        "travel_explore" : "&#xe2db;",
        "trending_down" : "&#xe8e3;",
        "trending_flat" : "&#xe8e4;",
        "trending_neutral" : "&#xe8e4;",
        "trending_up" : "&#xe8e5;",
        "trip_origin" : "&#xe57b;",
        "try" : "&#xf07c;",
        "tty" : "&#xf1aa;",
        "tune" : "&#xe429;",
        "tungsten" : "&#xf07d;",
        "turn_left" : "&#xeba6;",
        "turn_right" : "&#xebab;",
        "turn_sharp_left" : "&#xeba7;",
        "turn_sharp_right" : "&#xebaa;",
        "turn_slight_left" : "&#xeba4;",
        "turn_slight_right" : "&#xeb9a;",
        "turned_in" : "&#xe8e6;",
        "turned_in_not" : "&#xe8e7;",
        "tv" : "&#xe333;",
        "tv_off" : "&#xe647;",
        "two_wheeler" : "&#xe9f9;",
        "u_turn_left" : "&#xeba1;",
        "u_turn_right" : "&#xeba2;",
        "umbrella" : "&#xf1ad;",
        "unarchive" : "&#xe169;",
        "undo" : "&#xe166;",
        "unfold_less" : "&#xe5d6;",
        "unfold_more" : "&#xe5d7;",
        "unpublished" : "&#xf236;",
        "unsubscribe" : "&#xe0eb;",
        "upcoming" : "&#xf07e;",
        "update" : "&#xe923;",
        "update_disabled" : "&#xe075;",
        "upgrade" : "&#xf0fb;",
        "upload" : "&#xf09b;",
        "upload_file" : "&#xe9fc;",
        "usb" : "&#xe1e0;",
        "usb_off" : "&#xe4fa;",
        "vaccines" : "&#xe138;",
        "verified" : "&#xef76;",
        "verified_user" : "&#xe8e8;",
        "vertical_align_bottom" : "&#xe258;",
        "vertical_align_center" : "&#xe259;",
        "vertical_align_top" : "&#xe25a;",
        "vertical_distribute" : "&#xe076;",
        "vertical_split" : "&#xe949;",
        "vibration" : "&#xe62d;",
        "video_call" : "&#xe070;",
        "video_camera_back" : "&#xf07f;",
        "video_camera_front" : "&#xf080;",
        "video_collection" : "&#xe04a;",
        "video_file" : "&#xeb87;",
        "video_label" : "&#xe071;",
        "video_library" : "&#xe04a;",
        "video_settings" : "&#xea75;",
        "video_stable" : "&#xf081;",
        "videocam" : "&#xe04b;",
        "videocam_off" : "&#xe04c;",
        "videogame_asset" : "&#xe338;",
        "videogame_asset_off" : "&#xe500;",
        "view_agenda" : "&#xe8e9;",
        "view_array" : "&#xe8ea;",
        "view_carousel" : "&#xe8eb;",
        "view_column" : "&#xe8ec;",
        "view_comfortable" : "&#xe42a;",
        "view_comfy" : "&#xe42a;",
        "view_comfy_alt" : "&#xeb73;",
        "view_compact" : "&#xe42b;",
        "view_compact_alt" : "&#xeb74;",
        "view_cozy" : "&#xeb75;",
        "view_day" : "&#xe8ed;",
        "view_headline" : "&#xe8ee;",
        "view_in_ar" : "&#xe9fe;",
        "view_kanban" : "&#xeb7f;",
        "view_list" : "&#xe8ef;",
        "view_module" : "&#xe8f0;",
        "view_quilt" : "&#xe8f1;",
        "view_sidebar" : "&#xf114;",
        "view_stream" : "&#xe8f2;",
        "view_timeline" : "&#xeb85;",
        "view_week" : "&#xe8f3;",
        "vignette" : "&#xe435;",
        "villa" : "&#xe586;",
        "visibility" : "&#xe8f4;",
        "visibility_off" : "&#xe8f5;",
        "voice_chat" : "&#xe62e;",
        "voice_over_off" : "&#xe94a;",
        "voicemail" : "&#xe0d9;",
        "volume_down" : "&#xe04d;",
        "volume_down_alt" : "&#xe79c;",
        "volume_mute" : "&#xe04e;",
        "volume_off" : "&#xe04f;",
        "volume_up" : "&#xe050;",
        "volunteer_activism" : "&#xea70;",
        "vpn_key" : "&#xe0da;",
        "vpn_key_off" : "&#xeb7a;",
        "vpn_lock" : "&#xe62f;",
        "vrpano" : "&#xf082;",
        "wallet_giftcard" : "&#xe8f6;",
        "wallet_membership" : "&#xe8f7;",
        "wallet_travel" : "&#xe8f8;",
        "wallpaper" : "&#xe1bc;",
        "warehouse" : "&#xebb8;",
        "warning" : "&#xe002;",
        "warning_amber" : "&#xf083;",
        "wash" : "&#xf1b1;",
        "watch" : "&#xe334;",
        "watch_later" : "&#xe924;",
        "watch_off" : "&#xeae3;",
        "water" : "&#xf084;",
        "water_damage" : "&#xf203;",
        "water_drop" : "&#xe798;",
        "waterfall_chart" : "&#xea00;",
        "waves" : "&#xe176;",
        "waving_hand" : "&#xe766;",
        "wb_auto" : "&#xe42c;",
        "wb_cloudy" : "&#xe42d;",
        "wb_incandescent" : "&#xe42e;",
        "wb_iridescent" : "&#xe436;",
        "wb_shade" : "&#xea01;",
        "wb_sunny" : "&#xe430;",
        "wb_twighlight" : "&#xea02;",
        "wb_twilight" : "&#xe1c6;",
        "wc" : "&#xe63d;",
        "web" : "&#xe051;",
        "web_asset" : "&#xe069;",
        "web_asset_off" : "&#xe4f7;",
        "web_stories" : "&#xe595;",
        "webhook" : "&#xeb92;",
        "wechat" : "&#xea81;",
        "weekend" : "&#xe16b;",
        "west" : "&#xf1e6;",
        "whatsapp" : "&#xea9c;",
        "whatshot" : "&#xe80e;",
        "wheelchair_pickup" : "&#xf1ab;",
        "where_to_vote" : "&#xe177;",
        "widgets" : "&#xe1bd;",
        "wifi" : "&#xe63e;",
        "wifi_calling" : "&#xef77;",
        "wifi_calling_3" : "&#xf085;",
        "wifi_channel" : "&#xeb6a;",
        "wifi_find" : "&#xeb31;",
        "wifi_lock" : "&#xe1e1;",
        "wifi_off" : "&#xe648;",
        "wifi_password" : "&#xeb6b;",
        "wifi_protected_setup" : "&#xf0fc;",
        "wifi_tethering" : "&#xe1e2;",
        "wifi_tethering_error" : "&#xead9;",
        "wifi_tethering_error_rounded" : "&#xf086;",
        "wifi_tethering_off" : "&#xf087;",
        "window" : "&#xf088;",
        "wine_bar" : "&#xf1e8;",
        "woman" : "&#xe13e;",
        "woo_commerce" : "&#xea6d;",
        "wordpress" : "&#xea9f;",
        "work" : "&#xe8f9;",
        "work_off" : "&#xe942;",
        "work_outline" : "&#xe943;",
        "workspace_premium" : "&#xe7af;",
        "workspaces" : "&#xe1a0;",
        "workspaces_filled" : "&#xea0d;",
        "workspaces_outline" : "&#xea0f;",
        "wrap_text" : "&#xe25b;",
        "wrong_location" : "&#xef78;",
        "wysiwyg" : "&#xf1c3;",
        "yard" : "&#xf089;",
        "youtube_searched_for" : "&#xe8fa;",
        "zoom_in" : "&#xe8ff;",
        "zoom_in_map" : "&#xeb2d;",
        "zoom_out" : "&#xe900;",
        "zoom_out_map" : "&#xe56b;"
    }
}